benchmark_id,case,script,source_image,data_file,figure_family,source_suitability,benchmark_mode,dependency_tier,expected_qa_profile
r_replica_001,1.柱状图-散点图-误差线-p值显著性,1.柱状图-散点图-误差线-p值显著性/bar_dot_error_sig.R,~/Documents/1-博士课题/3-科研资料/MsTt笔记100+绘图合集/R科研绘图合集/1.柱状图-散点图-误差线-p值显著性/bar_dot_error_sig.pdf,~/Documents/1-博士课题/3-科研资料/MsTt笔记100+绘图合集/R科研绘图合集/1.柱状图-散点图-误差线-p值显著性/data.xlsx,map / spatial,specialized_reference,specialized_diagnostic,optional_backend,specialized_line_density_caution
r_replica_002,10.Nature复现-添加显著性星号标记的热图,10.Nature复现-添加显著性星号标记的热图/heatmap-significant-facet.R,~/Documents/1-博士课题/3-科研资料/MsTt笔记100+绘图合集/R科研绘图合集/10.Nature复现-添加显著性星号标记的热图/heatmap-significant-facet.pdf,~/Documents/1-博士课题/3-科研资料/MsTt笔记100+绘图合集/R科研绘图合集/10.Nature复现-添加显著性星号标记的热图/data.xlsx,heatmap / matrix,template_candidate,executable_recipe_candidate,core_or_light,matrix_density_allowed
r_replica_003,10.Nature复现-添加显著性星号标记的热图,10.Nature复现-添加显著性星号标记的热图/heatmap-significant.R,~/Documents/1-博士课题/3-科研资料/MsTt笔记100+绘图合集/R科研绘图合集/10.Nature复现-添加显著性星号标记的热图/heatmap-significant-facet.pdf,~/Documents/1-博士课题/3-科研资料/MsTt笔记100+绘图合集/R科研绘图合集/10.Nature复现-添加显著性星号标记的热图/data.xlsx,heatmap / matrix,template_candidate,executable_recipe_candidate,core_or_light,matrix_density_allowed
r_replica_004,11.Nature复现-散点图+边缘直方图+拟合曲线+残差箱式图,11.Nature复现-散点图+边缘直方图+拟合曲线+残差箱式图/comprehensive_correlation.R,~/Documents/1-博士课题/3-科研资料/MsTt笔记100+绘图合集/R科研绘图合集/11.Nature复现-散点图+边缘直方图+拟合曲线+残差箱式图/comprehensive_correlation.pdf,~/Documents/1-博士课题/3-科研资料/MsTt笔记100+绘图合集/R科研绘图合集/11.Nature复现-散点图+边缘直方图+拟合曲线+残差箱式图/data.csv,map / spatial,specialized_reference,specialized_diagnostic,optional_backend,specialized_line_density_caution
r_replica_005,12.Nature复现-相关性热图+边缘条形图,12.Nature复现-相关性热图+边缘条形图/correlation_heatmap.R,~/Documents/1-博士课题/3-科研资料/MsTt笔记100+绘图合集/R科研绘图合集/12.Nature复现-相关性热图+边缘条形图/correlation_heatmap.pdf,~/Documents/1-博士课题/3-科研资料/MsTt笔记100+绘图合集/R科研绘图合集/12.Nature复现-相关性热图+边缘条形图/data/data.csv,heatmap / matrix,decorative_or_case_specific,caution_diagnostic,core_or_light,matrix_density_allowed
r_replica_006,13.Nature复现-倒三角相关性热图+层次聚类树,13.Nature复现-倒三角相关性热图+层次聚类树/correlation_heatmap_hcluster.R,~/Documents/1-博士课题/3-科研资料/MsTt笔记100+绘图合集/R科研绘图合集/13.Nature复现-倒三角相关性热图+层次聚类树/correlation_heatmap_hcluster.pdf,~/Documents/1-博士课题/3-科研资料/MsTt笔记100+绘图合集/R科研绘图合集/13.Nature复现-倒三角相关性热图+层次聚类树/data/data.csv,heatmap / matrix,decorative_or_case_specific,caution_diagnostic,core_or_light,matrix_density_allowed
r_replica_007,14.Nature复现-折线图和箱式图+误差线+显著性检验,14.Nature复现-折线图和箱式图+误差线+显著性检验/groups_bar_line_error_sig.R,~/Documents/1-博士课题/3-科研资料/MsTt笔记100+绘图合集/R科研绘图合集/14.Nature复现-折线图和箱式图+误差线+显著性检验/groups_bar_line.pdf,~/Documents/1-博士课题/3-科研资料/MsTt笔记100+绘图合集/R科研绘图合集/14.Nature复现-折线图和箱式图+误差线+显著性检验/data.xlsx,grouped bar / stacked bar / errorbar,template_candidate,executable_recipe_candidate,core_or_light,grid_and_legend_strict
r_replica_008,15.Nature复现-小提琴图+箱式图+蜂窝图（云雨图）,15.Nature复现-小提琴图+箱式图+蜂窝图（云雨图）/raincloud.R,~/Documents/1-博士课题/3-科研资料/MsTt笔记100+绘图合集/R科研绘图合集/15.Nature复现-小提琴图+箱式图+蜂窝图（云雨图）/raincloud.pdf,~/Documents/1-博士课题/3-科研资料/MsTt笔记100+绘图合集/R科研绘图合集/15.Nature复现-小提琴图+箱式图+蜂窝图（云雨图）/data.xlsx,raincloud / violin / jitter,template_candidate,executable_recipe_candidate,core_or_light,nature_detail_default
r_replica_009,16.Nature复现-散点图+拟合曲线+均值+双向误差线,16.Nature复现-散点图+拟合曲线+均值+双向误差线/dot_group_bierrorbar.R,~/Documents/1-博士课题/3-科研资料/MsTt笔记100+绘图合集/R科研绘图合集/16.Nature复现-散点图+拟合曲线+均值+双向误差线/dot_group_bierrorbar.pdf,~/Documents/1-博士课题/3-科研资料/MsTt笔记100+绘图合集/R科研绘图合集/16.Nature复现-散点图+拟合曲线+均值+双向误差线/data.csv,grouped bar / stacked bar / errorbar,template_candidate,executable_recipe_candidate,core_or_light,grid_and_legend_strict
r_replica_010,17.Nature复现-分组和弦图+外围条形图,17.Nature复现-分组和弦图+外围条形图/group_chord_bar.R,~/Documents/1-博士课题/3-科研资料/MsTt笔记100+绘图合集/R科研绘图合集/17.Nature复现-分组和弦图+外围条形图/group_chord_bar.pdf,~/Documents/1-博士课题/3-科研资料/MsTt笔记100+绘图合集/R科研绘图合集/17.Nature复现-分组和弦图+外围条形图/data1.xlsx,circos / chord / circular,specialized_reference,specialized_diagnostic,optional_backend,specialized_line_density_caution
r_replica_011,18.Science复现-火山图+GSEA_MSigDB富集得分,18.Science复现-火山图+GSEA_MSigDB富集得分/volcano_gsea.R,~/Documents/1-博士课题/3-科研资料/MsTt笔记100+绘图合集/R科研绘图合集/18.Science复现-火山图+GSEA_MSigDB富集得分/data/Defining the KRAS- and ERK-dependent transcriptome in KRAS-mutant cancers(科研通-ablesci.com).pdf,~/Documents/1-博士课题/3-科研资料/MsTt笔记100+绘图合集/R科研绘图合集/18.Science复现-火山图+GSEA_MSigDB富集得分/data/science.adk0775_data_s1.csv,volcano / enrichment,template_candidate,executable_recipe_candidate,core_or_light,nature_detail_default
r_replica_012,19.Cell复现-渐变色背景+分组小提琴图-箱式图+显著性P,19.Cell复现-渐变色背景+分组小提琴图-箱式图+显著性P/gradient_grob_box.R,~/Documents/1-博士课题/3-科研资料/MsTt笔记100+绘图合集/R科研绘图合集/19.Cell复现-渐变色背景+分组小提琴图-箱式图+显著性P/gradient_grob_box.pdf,~/Documents/1-博士课题/3-科研资料/MsTt笔记100+绘图合集/R科研绘图合集/19.Cell复现-渐变色背景+分组小提琴图-箱式图+显著性P/data.csv,map / spatial,specialized_reference,specialized_diagnostic,optional_backend,specialized_line_density_caution
r_replica_013,19.Cell复现-渐变色背景+分组小提琴图-箱式图+显著性P,19.Cell复现-渐变色背景+分组小提琴图-箱式图+显著性P/gradient_grob_violin.R,~/Documents/1-博士课题/3-科研资料/MsTt笔记100+绘图合集/R科研绘图合集/19.Cell复现-渐变色背景+分组小提琴图-箱式图+显著性P/gradient_grob_box.pdf,~/Documents/1-博士课题/3-科研资料/MsTt笔记100+绘图合集/R科研绘图合集/19.Cell复现-渐变色背景+分组小提琴图-箱式图+显著性P/data.csv,map / spatial,specialized_reference,specialized_diagnostic,optional_backend,specialized_line_density_caution
r_replica_014,2.SCI复现-PCoA可视化+边缘箱式图+PERMANOVA,2.SCI复现-PCoA可视化+边缘箱式图+PERMANOVA/scripts/NMDS.R,~/Documents/1-博士课题/3-科研资料/MsTt笔记100+绘图合集/R科研绘图合集/2.SCI复现-PCoA可视化+边缘箱式图+PERMANOVA/results/NMDS.pdf,~/Documents/1-博士课题/3-科研资料/MsTt笔记100+绘图合集/R科研绘图合集/2.SCI复现-PCoA可视化+边缘箱式图+PERMANOVA/group_info.txt,PCA / PCoA / ordination,template_candidate,executable_recipe_candidate,core_or_light,label_collision_and_light_grid
r_replica_015,2.SCI复现-PCoA可视化+边缘箱式图+PERMANOVA,2.SCI复现-PCoA可视化+边缘箱式图+PERMANOVA/scripts/NMDS_box_dot_ANOSIM.R,~/Documents/1-博士课题/3-科研资料/MsTt笔记100+绘图合集/R科研绘图合集/2.SCI复现-PCoA可视化+边缘箱式图+PERMANOVA/results/NMDS.pdf,~/Documents/1-博士课题/3-科研资料/MsTt笔记100+绘图合集/R科研绘图合集/2.SCI复现-PCoA可视化+边缘箱式图+PERMANOVA/group_info.txt,PCA / PCoA / ordination,template_candidate,executable_recipe_candidate,core_or_light,label_collision_and_light_grid
r_replica_016,2.SCI复现-PCoA可视化+边缘箱式图+PERMANOVA,2.SCI复现-PCoA可视化+边缘箱式图+PERMANOVA/scripts/PCA_FactoMineR.R,~/Documents/1-博士课题/3-科研资料/MsTt笔记100+绘图合集/R科研绘图合集/2.SCI复现-PCoA可视化+边缘箱式图+PERMANOVA/results/NMDS.pdf,~/Documents/1-博士课题/3-科研资料/MsTt笔记100+绘图合集/R科研绘图合集/2.SCI复现-PCoA可视化+边缘箱式图+PERMANOVA/group_info.txt,PCA / PCoA / ordination,template_candidate,executable_recipe_candidate,core_or_light,label_collision_and_light_grid
r_replica_017,2.SCI复现-PCoA可视化+边缘箱式图+PERMANOVA,2.SCI复现-PCoA可视化+边缘箱式图+PERMANOVA/scripts/PCA_ade4.R,~/Documents/1-博士课题/3-科研资料/MsTt笔记100+绘图合集/R科研绘图合集/2.SCI复现-PCoA可视化+边缘箱式图+PERMANOVA/results/NMDS.pdf,~/Documents/1-博士课题/3-科研资料/MsTt笔记100+绘图合集/R科研绘图合集/2.SCI复现-PCoA可视化+边缘箱式图+PERMANOVA/group_info.txt,PCA / PCoA / ordination,template_candidate,executable_recipe_candidate,core_or_light,label_collision_and_light_grid
r_replica_018,2.SCI复现-PCoA可视化+边缘箱式图+PERMANOVA,2.SCI复现-PCoA可视化+边缘箱式图+PERMANOVA/scripts/PCoA.R,~/Documents/1-博士课题/3-科研资料/MsTt笔记100+绘图合集/R科研绘图合集/2.SCI复现-PCoA可视化+边缘箱式图+PERMANOVA/results/NMDS.pdf,~/Documents/1-博士课题/3-科研资料/MsTt笔记100+绘图合集/R科研绘图合集/2.SCI复现-PCoA可视化+边缘箱式图+PERMANOVA/group_info.txt,PCA / PCoA / ordination,template_candidate,executable_recipe_candidate,core_or_light,label_collision_and_light_grid
r_replica_019,2.SCI复现-PCoA可视化+边缘箱式图+PERMANOVA,2.SCI复现-PCoA可视化+边缘箱式图+PERMANOVA/scripts/PCoA_box_dot_PERMANOVA.R,~/Documents/1-博士课题/3-科研资料/MsTt笔记100+绘图合集/R科研绘图合集/2.SCI复现-PCoA可视化+边缘箱式图+PERMANOVA/results/NMDS.pdf,~/Documents/1-博士课题/3-科研资料/MsTt笔记100+绘图合集/R科研绘图合集/2.SCI复现-PCoA可视化+边缘箱式图+PERMANOVA/group_info.txt,PCA / PCoA / ordination,template_candidate,executable_recipe_candidate,core_or_light,label_collision_and_light_grid
r_replica_020,20.Nature复现-表格形式的热图,20.Nature复现-表格形式的热图/table_heatmap.R,~/Documents/1-博士课题/3-科研资料/MsTt笔记100+绘图合集/R科研绘图合集/20.Nature复现-表格形式的热图/data/10.1038@s41587-019-0071-9.pdf,~/Documents/1-博士课题/3-科研资料/MsTt笔记100+绘图合集/R科研绘图合集/20.Nature复现-表格形式的热图/data/column_group.csv,heatmap / matrix,production_recipe,executable_recipe_candidate,core_or_light,matrix_density_allowed
r_replica_021,21.Nature复现-渐变色山脊图+双向柱形图,21.Nature复现-渐变色山脊图+双向柱形图/bidirect_ridge_bar.R,~/Documents/1-博士课题/3-科研资料/MsTt笔记100+绘图合集/R科研绘图合集/21.Nature复现-渐变色山脊图+双向柱形图/bidirect_ridge_bar.pdf,~/Documents/1-博士课题/3-科研资料/MsTt笔记100+绘图合集/R科研绘图合集/21.Nature复现-渐变色山脊图+双向柱形图/data.csv,ridgeline / density,template_candidate,executable_recipe_candidate,core_or_light,nature_detail_default
r_replica_022,22.Nature复现-堆积柱形图+哑铃图,22.Nature复现-堆积柱形图+哑铃图/dumbbell_stacked_bar.R,~/Documents/1-博士课题/3-科研资料/MsTt笔记100+绘图合集/R科研绘图合集/22.Nature复现-堆积柱形图+哑铃图/dumbbell_stacked_bar.pdf,~/Documents/1-博士课题/3-科研资料/MsTt笔记100+绘图合集/R科研绘图合集/22.Nature复现-堆积柱形图+哑铃图/data/family_depth.csv,lollipop / dumbbell / dotplot,template_candidate,executable_recipe_candidate,core_or_light,nature_detail_default
r_replica_023,23.Nature复现-火山图+EnrichmentMap-GSEA,23.Nature复现-火山图+EnrichmentMap-GSEA/volcano.R,~/Documents/1-博士课题/3-科研资料/MsTt笔记100+绘图合集/R科研绘图合集/23.Nature复现-火山图+EnrichmentMap-GSEA/volcano.pdf,~/Documents/1-博士课题/3-科研资料/MsTt笔记100+绘图合集/R科研绘图合集/23.Nature复现-火山图+EnrichmentMap-GSEA/data/data_deg.csv,volcano / enrichment,template_candidate,executable_recipe_candidate,core_or_light,nature_detail_default
r_replica_024,25.Science+Cell复现-差异基因FC-FC散点图,25.Science+Cell复现-差异基因FC-FC散点图/FC_FC_cell.R,~/Documents/1-博士课题/3-科研资料/MsTt笔记100+绘图合集/R科研绘图合集/25.Science+Cell复现-差异基因FC-FC散点图/FC_FC_cell.pdf,~/Documents/1-博士课题/3-科研资料/MsTt笔记100+绘图合集/R科研绘图合集/25.Science+Cell复现-差异基因FC-FC散点图/data/science.adk0775_data_s1.csv,scatter / regression,template_candidate,executable_recipe_candidate,core_or_light,label_collision_and_light_grid
r_replica_025,25.Science+Cell复现-差异基因FC-FC散点图,25.Science+Cell复现-差异基因FC-FC散点图/FC_FC_science.R,~/Documents/1-博士课题/3-科研资料/MsTt笔记100+绘图合集/R科研绘图合集/25.Science+Cell复现-差异基因FC-FC散点图/FC_FC_cell.pdf,~/Documents/1-博士课题/3-科研资料/MsTt笔记100+绘图合集/R科研绘图合集/25.Science+Cell复现-差异基因FC-FC散点图/data/science.adk0775_data_s1.csv,scatter / regression,template_candidate,executable_recipe_candidate,core_or_light,label_collision_and_light_grid
r_replica_026,26.SCI复现-核密度图+箱线图+蜂群图-模型验证,26.SCI复现-核密度图+箱线图+蜂群图-模型验证/model_recovery.R,~/Documents/1-博士课题/3-科研资料/MsTt笔记100+绘图合集/R科研绘图合集/26.SCI复现-核密度图+箱线图+蜂群图-模型验证/Model_Recovery.pdf,~/Documents/1-博士课题/3-科研资料/MsTt笔记100+绘图合集/R科研绘图合集/26.SCI复现-核密度图+箱线图+蜂群图-模型验证/data/posterior_data.csv,ridgeline / density,template_candidate,executable_recipe_candidate,core_or_light,nature_detail_default
r_replica_027,27.Cell复现-堆积柱形图+散点图,27.Cell复现-堆积柱形图+散点图/stacked_bar.R,~/Documents/1-博士课题/3-科研资料/MsTt笔记100+绘图合集/R科研绘图合集/27.Cell复现-堆积柱形图+散点图/stacked_bar.pdf,~/Documents/1-博士课题/3-科研资料/MsTt笔记100+绘图合集/R科研绘图合集/27.Cell复现-堆积柱形图+散点图/data1.csv,grouped bar / stacked bar / errorbar,decorative_or_case_specific,caution_diagnostic,core_or_light,grid_and_legend_strict
r_replica_028,28.Nature复现-小提琴图+四分位线+抖动散点+显著性P,28.Nature复现-小提琴图+四分位线+抖动散点+显著性P/violin_facet_sig.R,~/Documents/1-博士课题/3-科研资料/MsTt笔记100+绘图合集/R科研绘图合集/28.Nature复现-小提琴图+四分位线+抖动散点+显著性P/violin_facet_sig.pdf,~/Documents/1-博士课题/3-科研资料/MsTt笔记100+绘图合集/R科研绘图合集/28.Nature复现-小提琴图+四分位线+抖动散点+显著性P/data.xlsx,map / spatial,specialized_reference,specialized_diagnostic,optional_backend,specialized_line_density_caution
r_replica_029,29.Nature复现-渐变色桑基图,29.Nature复现-渐变色桑基图/sankey_networkD3_v1.R,,~/Documents/1-博士课题/3-科研资料/MsTt笔记100+绘图合集/R科研绘图合集/29.Nature复现-渐变色桑基图/data1.xlsx,network / sankey,specialized_reference,specialized_diagnostic,optional_backend,specialized_line_density_caution
r_replica_030,29.Nature复现-渐变色桑基图,29.Nature复现-渐变色桑基图/sankey_networkD3_v2.R,,~/Documents/1-博士课题/3-科研资料/MsTt笔记100+绘图合集/R科研绘图合集/29.Nature复现-渐变色桑基图/data1.xlsx,network / sankey,specialized_reference,specialized_diagnostic,optional_backend,specialized_line_density_caution
r_replica_031,3.Nature复现-折线图+柱状图+误差线+多重比较,3.Nature复现-折线图+柱状图+误差线+多重比较/line_bar_errorbar_significant.R,~/Documents/1-博士课题/3-科研资料/MsTt笔记100+绘图合集/R科研绘图合集/3.Nature复现-折线图+柱状图+误差线+多重比较/line_bar_errorbar_significant.pdf,~/Documents/1-博士课题/3-科研资料/MsTt笔记100+绘图合集/R科研绘图合集/3.Nature复现-折线图+柱状图+误差线+多重比较/Readme.txt,grouped bar / stacked bar / errorbar,decorative_or_case_specific,caution_diagnostic,core_or_light,grid_and_legend_strict
r_replica_032,30.Nature复现-分面散点饼图,30.Nature复现-分面散点饼图/scatterpie_facet.R,~/Documents/1-博士课题/3-科研资料/MsTt笔记100+绘图合集/R科研绘图合集/30.Nature复现-分面散点饼图/scatterpie.pdf,~/Documents/1-博士课题/3-科研资料/MsTt笔记100+绘图合集/R科研绘图合集/30.Nature复现-分面散点饼图/data.csv,scatter / regression,template_candidate,executable_recipe_candidate,core_or_light,label_collision_and_light_grid
r_replica_033,31.Nature复现-绝美环形图,31.Nature复现-绝美环形图/demongarphic_info_circos.R,~/Documents/1-博士课题/3-科研资料/MsTt笔记100+绘图合集/R科研绘图合集/31.Nature复现-绝美环形图/plot_age.pdf,~/Documents/1-博士课题/3-科研资料/MsTt笔记100+绘图合集/R科研绘图合集/31.Nature复现-绝美环形图/data.xlsx,circos / chord / circular,specialized_reference,specialized_diagnostic,optional_backend,specialized_line_density_caution
r_replica_034,32.SCI复现-绝美极坐标条形图,32.SCI复现-绝美极坐标条形图/circlize_bar_with_errorbar.R,~/Documents/1-博士课题/3-科研资料/MsTt笔记100+绘图合集/R科研绘图合集/32.SCI复现-绝美极坐标条形图/circlize_bar_with_errorbar.pdf,~/Documents/1-博士课题/3-科研资料/MsTt笔记100+绘图合集/R科研绘图合集/32.SCI复现-绝美极坐标条形图/circlize_bar_with_errorbar.xlsx,circos / chord / circular,specialized_reference,specialized_diagnostic,optional_backend,specialized_line_density_caution
r_replica_035,32.SCI复现-绝美极坐标条形图,32.SCI复现-绝美极坐标条形图/circlize_bar_with_errorbar_11variant-4treat.R,~/Documents/1-博士课题/3-科研资料/MsTt笔记100+绘图合集/R科研绘图合集/32.SCI复现-绝美极坐标条形图/circlize_bar_with_errorbar.pdf,~/Documents/1-博士课题/3-科研资料/MsTt笔记100+绘图合集/R科研绘图合集/32.SCI复现-绝美极坐标条形图/circlize_bar_with_errorbar.xlsx,circos / chord / circular,specialized_reference,specialized_diagnostic,optional_backend,specialized_line_density_caution
r_replica_036,32.SCI复现-绝美极坐标条形图,32.SCI复现-绝美极坐标条形图/circlize_bar_without_errorbar.R,~/Documents/1-博士课题/3-科研资料/MsTt笔记100+绘图合集/R科研绘图合集/32.SCI复现-绝美极坐标条形图/circlize_bar_with_errorbar.pdf,~/Documents/1-博士课题/3-科研资料/MsTt笔记100+绘图合集/R科研绘图合集/32.SCI复现-绝美极坐标条形图/circlize_bar_with_errorbar.xlsx,circos / chord / circular,specialized_reference,specialized_diagnostic,optional_backend,specialized_line_density_caution
r_replica_037,33.顶刊复现-样本地理分布图,33.顶刊复现-样本地理分布图/sampling_map_scatterpie_v1.R,~/Documents/1-博士课题/3-科研资料/MsTt笔记100+绘图合集/R科研绘图合集/33.顶刊复现-样本地理分布图/sampling_map_scatterpie_v1.pdf,~/Documents/1-博士课题/3-科研资料/MsTt笔记100+绘图合集/R科研绘图合集/33.顶刊复现-样本地理分布图/data_v1.csv,map / spatial,specialized_reference,specialized_diagnostic,optional_backend,specialized_line_density_caution
r_replica_038,33.顶刊复现-样本地理分布图,33.顶刊复现-样本地理分布图/sampling_map_scatterpie_v2.R,~/Documents/1-博士课题/3-科研资料/MsTt笔记100+绘图合集/R科研绘图合集/33.顶刊复现-样本地理分布图/sampling_map_scatterpie_v1.pdf,~/Documents/1-博士课题/3-科研资料/MsTt笔记100+绘图合集/R科研绘图合集/33.顶刊复现-样本地理分布图/data_v1.csv,map / spatial,specialized_reference,specialized_diagnostic,optional_backend,specialized_line_density_caution
r_replica_039,33.顶刊复现-样本地理分布图,33.顶刊复现-样本地理分布图/sampling_map_scatterpie_v3.R,~/Documents/1-博士课题/3-科研资料/MsTt笔记100+绘图合集/R科研绘图合集/33.顶刊复现-样本地理分布图/sampling_map_scatterpie_v1.pdf,~/Documents/1-博士课题/3-科研资料/MsTt笔记100+绘图合集/R科研绘图合集/33.顶刊复现-样本地理分布图/data_v1.csv,map / spatial,specialized_reference,specialized_diagnostic,optional_backend,specialized_line_density_caution
r_replica_040,34.Lancet复现-绝美极坐标棒棒糖图,34.Lancet复现-绝美极坐标棒棒糖图/circlize_ploar_Lollipop.R,~/Documents/1-博士课题/3-科研资料/MsTt笔记100+绘图合集/R科研绘图合集/34.Lancet复现-绝美极坐标棒棒糖图/plot_circos.pdf,~/Documents/1-博士课题/3-科研资料/MsTt笔记100+绘图合集/R科研绘图合集/34.Lancet复现-绝美极坐标棒棒糖图/data.xlsx,circos / chord / circular,specialized_reference,specialized_diagnostic,optional_backend,specialized_line_density_caution
r_replica_041,35.Cell复现-环形热图,35.Cell复现-环形热图/circlize_heatmap.R,~/Documents/1-博士课题/3-科研资料/MsTt笔记100+绘图合集/R科研绘图合集/35.Cell复现-环形热图/circos_heatmap.pdf,~/Documents/1-博士课题/3-科研资料/MsTt笔记100+绘图合集/R科研绘图合集/35.Cell复现-环形热图/data.xlsx,heatmap / matrix,production_recipe,executable_recipe_candidate,core_or_light,matrix_density_allowed
r_replica_042,36.Nature复现-配对散点图,36.Nature复现-配对散点图/paired_scatter.R,~/Documents/1-博士课题/3-科研资料/MsTt笔记100+绘图合集/R科研绘图合集/36.Nature复现-配对散点图/paired_scatter.pdf,~/Documents/1-博士课题/3-科研资料/MsTt笔记100+绘图合集/R科研绘图合集/36.Nature复现-配对散点图/data.xlsx,ridgeline / density,template_candidate,executable_recipe_candidate,core_or_light,nature_detail_default
r_replica_043,37.Nature复现-网络条形图,37.Nature复现-网络条形图/network_bar.R,~/Documents/1-博士课题/3-科研资料/MsTt笔记100+绘图合集/R科研绘图合集/37.Nature复现-网络条形图/network_bar.pdf,~/Documents/1-博士课题/3-科研资料/MsTt笔记100+绘图合集/R科研绘图合集/37.Nature复现-网络条形图/data.csv,network / sankey,specialized_reference,specialized_diagnostic,optional_backend,specialized_line_density_caution
r_replica_044,37.Nature复现-网络条形图,37.Nature复现-网络条形图/network_bubble.R,~/Documents/1-博士课题/3-科研资料/MsTt笔记100+绘图合集/R科研绘图合集/37.Nature复现-网络条形图/network_bar.pdf,~/Documents/1-博士课题/3-科研资料/MsTt笔记100+绘图合集/R科研绘图合集/37.Nature复现-网络条形图/data.csv,network / sankey,specialized_reference,specialized_diagnostic,optional_backend,specialized_line_density_caution
r_replica_045,38.顶刊复现-相关性热图,38.顶刊复现-相关性热图/corrplot/corrplot.R,~/Documents/1-博士课题/3-科研资料/MsTt笔记100+绘图合集/R科研绘图合集/38.顶刊复现-相关性热图/corrplot/corrplot.correlation_heatmap.pdf,~/Documents/1-博士课题/3-科研资料/MsTt笔记100+绘图合集/R科研绘图合集/38.顶刊复现-相关性热图/corrplot/data/data.csv,heatmap / matrix,decorative_or_case_specific,caution_diagnostic,core_or_light,matrix_density_allowed
r_replica_046,38.顶刊复现-相关性热图,38.顶刊复现-相关性热图/mantel_test/mantel_test.R,~/Documents/1-博士课题/3-科研资料/MsTt笔记100+绘图合集/R科研绘图合集/38.顶刊复现-相关性热图/corrplot/corrplot.correlation_heatmap.pdf,~/Documents/1-博士课题/3-科研资料/MsTt笔记100+绘图合集/R科研绘图合集/38.顶刊复现-相关性热图/corrplot/data/data.csv,heatmap / matrix,template_candidate,executable_recipe_candidate,core_or_light,matrix_density_allowed
r_replica_047,38.顶刊复现-相关性热图,38.顶刊复现-相关性热图/pheatmap/pheatmap.R,~/Documents/1-博士课题/3-科研资料/MsTt笔记100+绘图合集/R科研绘图合集/38.顶刊复现-相关性热图/corrplot/corrplot.correlation_heatmap.pdf,~/Documents/1-博士课题/3-科研资料/MsTt笔记100+绘图合集/R科研绘图合集/38.顶刊复现-相关性热图/corrplot/data/data.csv,heatmap / matrix,production_recipe,executable_recipe_candidate,core_or_light,matrix_density_allowed
r_replica_048,39.Nature复现-分组柱状图+ANOVA+事后多重比较,39.Nature复现-分组柱状图+ANOVA+事后多重比较/groups-bar-dot-errorbar-Dunnett.R,~/Documents/1-博士课题/3-科研资料/MsTt笔记100+绘图合集/R科研绘图合集/39.Nature复现-分组柱状图+ANOVA+事后多重比较/groups-bar-dot-errorbar-Dunnett.pdf,~/Documents/1-博士课题/3-科研资料/MsTt笔记100+绘图合集/R科研绘图合集/39.Nature复现-分组柱状图+ANOVA+事后多重比较/data-Dunnett.xlsx,map / spatial,specialized_reference,specialized_diagnostic,optional_backend,specialized_line_density_caution
r_replica_049,39.Nature复现-分组柱状图+ANOVA+事后多重比较,39.Nature复现-分组柱状图+ANOVA+事后多重比较/groups-bar-dot-errorbar-break-LSD.R,~/Documents/1-博士课题/3-科研资料/MsTt笔记100+绘图合集/R科研绘图合集/39.Nature复现-分组柱状图+ANOVA+事后多重比较/groups-bar-dot-errorbar-Dunnett.pdf,~/Documents/1-博士课题/3-科研资料/MsTt笔记100+绘图合集/R科研绘图合集/39.Nature复现-分组柱状图+ANOVA+事后多重比较/data-Dunnett.xlsx,map / spatial,specialized_reference,specialized_diagnostic,optional_backend,specialized_line_density_caution
r_replica_050,4.Nature复现-绝美云雨图,4.Nature复现-绝美云雨图/box-violin-dot.R,~/Documents/1-博士课题/3-科研资料/MsTt笔记100+绘图合集/R科研绘图合集/4.Nature复现-绝美云雨图/box-violin-dot.pdf,~/Documents/1-博士课题/3-科研资料/MsTt笔记100+绘图合集/R科研绘图合集/4.Nature复现-绝美云雨图/BGCs_numbers_per_genomes.csv,map / spatial,specialized_reference,specialized_diagnostic,optional_backend,specialized_line_density_caution
r_replica_051,40.Nature复现-平滑曲线-3种方法,40.Nature复现-平滑曲线-3种方法/smooth_line1.R,~/Documents/1-博士课题/3-科研资料/MsTt笔记100+绘图合集/R科研绘图合集/40.Nature复现-平滑曲线-3种方法/smooth_line1.pdf,~/Documents/1-博士课题/3-科研资料/MsTt笔记100+绘图合集/R科研绘图合集/40.Nature复现-平滑曲线-3种方法/data1.xlsx,scatter / regression,template_candidate,executable_recipe_candidate,core_or_light,label_collision_and_light_grid
r_replica_052,40.Nature复现-平滑曲线-3种方法,40.Nature复现-平滑曲线-3种方法/smooth_line2.R,~/Documents/1-博士课题/3-科研资料/MsTt笔记100+绘图合集/R科研绘图合集/40.Nature复现-平滑曲线-3种方法/smooth_line1.pdf,~/Documents/1-博士课题/3-科研资料/MsTt笔记100+绘图合集/R科研绘图合集/40.Nature复现-平滑曲线-3种方法/data1.xlsx,scatter / regression,production_recipe,executable_recipe_candidate,core_or_light,label_collision_and_light_grid
r_replica_053,40.Nature复现-平滑曲线-3种方法,40.Nature复现-平滑曲线-3种方法/smooth_line3.R,~/Documents/1-博士课题/3-科研资料/MsTt笔记100+绘图合集/R科研绘图合集/40.Nature复现-平滑曲线-3种方法/smooth_line1.pdf,~/Documents/1-博士课题/3-科研资料/MsTt笔记100+绘图合集/R科研绘图合集/40.Nature复现-平滑曲线-3种方法/data1.xlsx,scatter / regression,template_candidate,executable_recipe_candidate,core_or_light,label_collision_and_light_grid
r_replica_054,41.顶刊复现-分面山脊图,41.顶刊复现-分面山脊图/ridges_facet1.R,~/Documents/1-博士课题/3-科研资料/MsTt笔记100+绘图合集/R科研绘图合集/41.顶刊复现-分面山脊图/ridges_facet1.pdf,~/Documents/1-博士课题/3-科研资料/MsTt笔记100+绘图合集/R科研绘图合集/41.顶刊复现-分面山脊图/data_facet1.xlsx,ridgeline / density,production_recipe,executable_recipe_candidate,core_or_light,nature_detail_default
r_replica_055,41.顶刊复现-分面山脊图,41.顶刊复现-分面山脊图/ridges_facet2.R,~/Documents/1-博士课题/3-科研资料/MsTt笔记100+绘图合集/R科研绘图合集/41.顶刊复现-分面山脊图/ridges_facet1.pdf,~/Documents/1-博士课题/3-科研资料/MsTt笔记100+绘图合集/R科研绘图合集/41.顶刊复现-分面山脊图/data_facet1.xlsx,ridgeline / density,production_recipe,executable_recipe_candidate,core_or_light,nature_detail_default
r_replica_056,42.顶刊复现-蝴蝶图+小提琴图-堆积柱形图,42.顶刊复现-蝴蝶图+小提琴图-堆积柱形图/butterfly_bar.R,~/Documents/1-博士课题/3-科研资料/MsTt笔记100+绘图合集/R科研绘图合集/42.顶刊复现-蝴蝶图+小提琴图-堆积柱形图/butterfly_bar.pdf,~/Documents/1-博士课题/3-科研资料/MsTt笔记100+绘图合集/R科研绘图合集/42.顶刊复现-蝴蝶图+小提琴图-堆积柱形图/data_bar.xlsx,grouped bar / stacked bar / errorbar,decorative_or_case_specific,caution_diagnostic,core_or_light,grid_and_legend_strict
r_replica_057,42.顶刊复现-蝴蝶图+小提琴图-堆积柱形图,42.顶刊复现-蝴蝶图+小提琴图-堆积柱形图/butterfly_violin.R,~/Documents/1-博士课题/3-科研资料/MsTt笔记100+绘图合集/R科研绘图合集/42.顶刊复现-蝴蝶图+小提琴图-堆积柱形图/butterfly_bar.pdf,~/Documents/1-博士课题/3-科研资料/MsTt笔记100+绘图合集/R科研绘图合集/42.顶刊复现-蝴蝶图+小提琴图-堆积柱形图/data_bar.xlsx,raincloud / violin / jitter,template_candidate,executable_recipe_candidate,core_or_light,nature_detail_default
r_replica_058,43.顶刊复现-散点图+线性回归,43.顶刊复现-散点图+线性回归/scatter_plot1.R,~/Documents/1-博士课题/3-科研资料/MsTt笔记100+绘图合集/R科研绘图合集/43.顶刊复现-散点图+线性回归/scatter1.pdf,~/Documents/1-博士课题/3-科研资料/MsTt笔记100+绘图合集/R科研绘图合集/43.顶刊复现-散点图+线性回归/data1.xlsx,scatter / regression,template_candidate,executable_recipe_candidate,core_or_light,label_collision_and_light_grid
r_replica_059,43.顶刊复现-散点图+线性回归,43.顶刊复现-散点图+线性回归/scatter_plot2.R,~/Documents/1-博士课题/3-科研资料/MsTt笔记100+绘图合集/R科研绘图合集/43.顶刊复现-散点图+线性回归/scatter1.pdf,~/Documents/1-博士课题/3-科研资料/MsTt笔记100+绘图合集/R科研绘图合集/43.顶刊复现-散点图+线性回归/data1.xlsx,enrichment / GSEA,decorative_or_case_specific,caution_diagnostic,core_or_light,nature_detail_default
r_replica_060,44.Nature复现-RCS,44.Nature复现-RCS/RCS_merge.R,~/Documents/1-博士课题/3-科研资料/MsTt笔记100+绘图合集/R科研绘图合集/44.Nature复现-RCS/RCS.pdf,~/Documents/1-博士课题/3-科研资料/MsTt笔记100+绘图合集/R科研绘图合集/44.Nature复现-RCS/data.xlsx,multi-panel manuscript / other,decorative_or_case_specific,caution_diagnostic,core_or_light,nature_detail_default
r_replica_061,45.Nature复现-分面堆积柱形图+误差线+显著性,45.Nature复现-分面堆积柱形图+误差线+显著性/stacked_bar_1.R,~/Documents/1-博士课题/3-科研资料/MsTt笔记100+绘图合集/R科研绘图合集/45.Nature复现-分面堆积柱形图+误差线+显著性/readme.pdf,~/Documents/1-博士课题/3-科研资料/MsTt笔记100+绘图合集/R科研绘图合集/45.Nature复现-分面堆积柱形图+误差线+显著性/data_1.xlsx,grouped bar / stacked bar / errorbar,template_candidate,executable_recipe_candidate,core_or_light,grid_and_legend_strict
r_replica_062,45.Nature复现-分面堆积柱形图+误差线+显著性,45.Nature复现-分面堆积柱形图+误差线+显著性/stacked_bar_2.R,~/Documents/1-博士课题/3-科研资料/MsTt笔记100+绘图合集/R科研绘图合集/45.Nature复现-分面堆积柱形图+误差线+显著性/readme.pdf,~/Documents/1-博士课题/3-科研资料/MsTt笔记100+绘图合集/R科研绘图合集/45.Nature复现-分面堆积柱形图+误差线+显著性/data_1.xlsx,grouped bar / stacked bar / errorbar,template_candidate,executable_recipe_candidate,core_or_light,grid_and_legend_strict
r_replica_063,46.SCI复现-相关矩阵图,46.SCI复现-相关矩阵图/correlation_ggpair.R,~/Documents/1-博士课题/3-科研资料/MsTt笔记100+绘图合集/R科研绘图合集/46.SCI复现-相关矩阵图/correlation_ggpair.pdf,~/Documents/1-博士课题/3-科研资料/MsTt笔记100+绘图合集/R科研绘图合集/46.SCI复现-相关矩阵图/data.xlsx,map / spatial,specialized_reference,specialized_diagnostic,optional_backend,specialized_line_density_caution
r_replica_064,47.Nature复现-绝美雷达图,47.Nature复现-绝美雷达图/1_radar_fmsb.R,~/Documents/1-博士课题/3-科研资料/MsTt笔记100+绘图合集/R科研绘图合集/47.Nature复现-绝美雷达图/1_radar_fmsb.pdf,~/Documents/1-博士课题/3-科研资料/MsTt笔记100+绘图合集/R科研绘图合集/47.Nature复现-绝美雷达图/data_1.csv,multi-panel manuscript / other,production_recipe,executable_recipe_candidate,core_or_light,nature_detail_default
r_replica_065,47.Nature复现-绝美雷达图,47.Nature复现-绝美雷达图/2_radar_fmsb.R,~/Documents/1-博士课题/3-科研资料/MsTt笔记100+绘图合集/R科研绘图合集/47.Nature复现-绝美雷达图/1_radar_fmsb.pdf,~/Documents/1-博士课题/3-科研资料/MsTt笔记100+绘图合集/R科研绘图合集/47.Nature复现-绝美雷达图/data_1.csv,multi-panel manuscript / other,production_recipe,executable_recipe_candidate,core_or_light,nature_detail_default
r_replica_066,47.Nature复现-绝美雷达图,47.Nature复现-绝美雷达图/3_radar_facet.R,~/Documents/1-博士课题/3-科研资料/MsTt笔记100+绘图合集/R科研绘图合集/47.Nature复现-绝美雷达图/1_radar_fmsb.pdf,~/Documents/1-博士课题/3-科研资料/MsTt笔记100+绘图合集/R科研绘图合集/47.Nature复现-绝美雷达图/data_1.csv,multi-panel manuscript / other,production_recipe,executable_recipe_candidate,core_or_light,nature_detail_default
r_replica_067,47.Nature复现-绝美雷达图,47.Nature复现-绝美雷达图/4_radar_facet.R,~/Documents/1-博士课题/3-科研资料/MsTt笔记100+绘图合集/R科研绘图合集/47.Nature复现-绝美雷达图/1_radar_fmsb.pdf,~/Documents/1-博士课题/3-科研资料/MsTt笔记100+绘图合集/R科研绘图合集/47.Nature复现-绝美雷达图/data_1.csv,grouped bar / stacked bar / errorbar,decorative_or_case_specific,caution_diagnostic,core_or_light,grid_and_legend_strict
r_replica_068,48.Nature复现-差异云雨图,48.Nature复现-差异云雨图/diff_raincloud_1.R,~/Documents/1-博士课题/3-科研资料/MsTt笔记100+绘图合集/R科研绘图合集/48.Nature复现-差异云雨图/diff_raincloud_1.pdf,~/Documents/1-博士课题/3-科研资料/MsTt笔记100+绘图合集/R科研绘图合集/48.Nature复现-差异云雨图/data_1.xlsx,map / spatial,specialized_reference,specialized_diagnostic,optional_backend,specialized_line_density_caution
r_replica_069,48.Nature复现-差异云雨图,48.Nature复现-差异云雨图/diff_raincloud_2.R,~/Documents/1-博士课题/3-科研资料/MsTt笔记100+绘图合集/R科研绘图合集/48.Nature复现-差异云雨图/diff_raincloud_1.pdf,~/Documents/1-博士课题/3-科研资料/MsTt笔记100+绘图合集/R科研绘图合集/48.Nature复现-差异云雨图/data_1.xlsx,raincloud / violin / jitter,template_candidate,executable_recipe_candidate,core_or_light,nature_detail_default
r_replica_070,48.Nature复现-差异云雨图,48.Nature复现-差异云雨图/diff_raincloud_3.R,~/Documents/1-博士课题/3-科研资料/MsTt笔记100+绘图合集/R科研绘图合集/48.Nature复现-差异云雨图/diff_raincloud_1.pdf,~/Documents/1-博士课题/3-科研资料/MsTt笔记100+绘图合集/R科研绘图合集/48.Nature复现-差异云雨图/data_1.xlsx,network / sankey,specialized_reference,specialized_diagnostic,optional_backend,specialized_line_density_caution
r_replica_071,49.顶刊复现-双Y轴+GO富集-嵌套柱形图,49.顶刊复现-双Y轴+GO富集-嵌套柱形图/doubleY_GO-enrich.R,~/Documents/1-博士课题/3-科研资料/MsTt笔记100+绘图合集/R科研绘图合集/49.顶刊复现-双Y轴+GO富集-嵌套柱形图/doubleY_GO-enrich.pdf,~/Documents/1-博士课题/3-科研资料/MsTt笔记100+绘图合集/R科研绘图合集/49.顶刊复现-双Y轴+GO富集-嵌套柱形图/data_GO-enrich.CSV,enrichment / GSEA,template_candidate,executable_recipe_candidate,core_or_light,nature_detail_default
r_replica_072,49.顶刊复现-双Y轴+GO富集-嵌套柱形图,49.顶刊复现-双Y轴+GO富集-嵌套柱形图/doubleY_nested-bar.R,~/Documents/1-博士课题/3-科研资料/MsTt笔记100+绘图合集/R科研绘图合集/49.顶刊复现-双Y轴+GO富集-嵌套柱形图/doubleY_GO-enrich.pdf,~/Documents/1-博士课题/3-科研资料/MsTt笔记100+绘图合集/R科研绘图合集/49.顶刊复现-双Y轴+GO富集-嵌套柱形图/data_GO-enrich.CSV,grouped bar / stacked bar / errorbar,template_candidate,executable_recipe_candidate,core_or_light,grid_and_legend_strict
r_replica_073,5.Nature复现-分组柱状图+误差线+抖点图+t检验,5.Nature复现-分组柱状图+误差线+抖点图+t检验/bar-groups-error-dot.R,~/Documents/1-博士课题/3-科研资料/MsTt笔记100+绘图合集/R科研绘图合集/5.Nature复现-分组柱状图+误差线+抖点图+t检验/bar-groups-error-dot.pdf,~/Documents/1-博士课题/3-科研资料/MsTt笔记100+绘图合集/R科研绘图合集/5.Nature复现-分组柱状图+误差线+抖点图+t检验/data.xlsx,grouped bar / stacked bar / errorbar,template_candidate,executable_recipe_candidate,core_or_light,grid_and_legend_strict
r_replica_074,50.Nature复现-绝美时序图,50.Nature复现-绝美时序图/time_series_1.R,~/Documents/1-博士课题/3-科研资料/MsTt笔记100+绘图合集/R科研绘图合集/50.Nature复现-绝美时序图/time_series_1.pdf,~/Documents/1-博士课题/3-科研资料/MsTt笔记100+绘图合集/R科研绘图合集/50.Nature复现-绝美时序图/data_1.xlsx,multi-panel manuscript / other,production_recipe,executable_recipe_candidate,core_or_light,nature_detail_default
r_replica_075,50.Nature复现-绝美时序图,50.Nature复现-绝美时序图/time_series_2.R,~/Documents/1-博士课题/3-科研资料/MsTt笔记100+绘图合集/R科研绘图合集/50.Nature复现-绝美时序图/time_series_1.pdf,~/Documents/1-博士课题/3-科研资料/MsTt笔记100+绘图合集/R科研绘图合集/50.Nature复现-绝美时序图/data_1.xlsx,multi-panel manuscript / other,production_recipe,executable_recipe_candidate,core_or_light,nature_detail_default
r_replica_076,50.Nature复现-绝美时序图,50.Nature复现-绝美时序图/time_series_3.R,~/Documents/1-博士课题/3-科研资料/MsTt笔记100+绘图合集/R科研绘图合集/50.Nature复现-绝美时序图/time_series_1.pdf,~/Documents/1-博士课题/3-科研资料/MsTt笔记100+绘图合集/R科研绘图合集/50.Nature复现-绝美时序图/data_1.xlsx,grouped bar / stacked bar / errorbar,template_candidate,executable_recipe_candidate,core_or_light,grid_and_legend_strict
r_replica_077,50.Nature复现-绝美时序图,50.Nature复现-绝美时序图/time_series_4.R,~/Documents/1-博士课题/3-科研资料/MsTt笔记100+绘图合集/R科研绘图合集/50.Nature复现-绝美时序图/time_series_1.pdf,~/Documents/1-博士课题/3-科研资料/MsTt笔记100+绘图合集/R科研绘图合集/50.Nature复现-绝美时序图/data_1.xlsx,grouped bar / stacked bar / errorbar,production_recipe,executable_recipe_candidate,core_or_light,grid_and_legend_strict
r_replica_078,51.Nature复现-小提琴图+NMDS分析,51.Nature复现-小提琴图+NMDS分析/violin_NMDS.R,~/Documents/1-博士课题/3-科研资料/MsTt笔记100+绘图合集/R科研绘图合集/51.Nature复现-小提琴图+NMDS分析/violin_NMDS.pdf,~/Documents/1-博士课题/3-科研资料/MsTt笔记100+绘图合集/R科研绘图合集/51.Nature复现-小提琴图+NMDS分析/data_M.cardinalis.xlsx,PCA / PCoA / ordination,template_candidate,executable_recipe_candidate,core_or_light,label_collision_and_light_grid
r_replica_079,52.Nature复现-FC-FC散点+象限图,52.Nature复现-FC-FC散点+象限图/FC-FC_grid_1.R,~/Documents/1-博士课题/3-科研资料/MsTt笔记100+绘图合集/R科研绘图合集/52.Nature复现-FC-FC散点+象限图/FC-FC_grid_1.pdf,~/Documents/1-博士课题/3-科研资料/MsTt笔记100+绘图合集/R科研绘图合集/52.Nature复现-FC-FC散点+象限图/data.xlsx,scatter / regression,template_candidate,executable_recipe_candidate,core_or_light,label_collision_and_light_grid
r_replica_080,52.Nature复现-FC-FC散点+象限图,52.Nature复现-FC-FC散点+象限图/FC-FC_grid_2.R,~/Documents/1-博士课题/3-科研资料/MsTt笔记100+绘图合集/R科研绘图合集/52.Nature复现-FC-FC散点+象限图/FC-FC_grid_1.pdf,~/Documents/1-博士课题/3-科研资料/MsTt笔记100+绘图合集/R科研绘图合集/52.Nature复现-FC-FC散点+象限图/data.xlsx,scatter / regression,decorative_or_case_specific,caution_diagnostic,core_or_light,label_collision_and_light_grid
r_replica_081,53.Nature复现-PCoA+多分组边缘图,53.Nature复现-PCoA+多分组边缘图/PCoA_marginalBox.R,~/Documents/1-博士课题/3-科研资料/MsTt笔记100+绘图合集/R科研绘图合集/53.Nature复现-PCoA+多分组边缘图/pcoa_with_marginal_boxplots.pdf,~/Documents/1-博士课题/3-科研资料/MsTt笔记100+绘图合集/R科研绘图合集/53.Nature复现-PCoA+多分组边缘图/data_PCoA_result.xlsx,PCA / PCoA / ordination,template_candidate,executable_recipe_candidate,core_or_light,label_collision_and_light_grid
r_replica_082,54.SCI复现-分组散点矩阵图+相关性网络图,54.SCI复现-分组散点矩阵图+相关性网络图/corr-link_ggpair.R,~/Documents/1-博士课题/3-科研资料/MsTt笔记100+绘图合集/R科研绘图合集/54.SCI复现-分组散点矩阵图+相关性网络图/p1_ggpair.pdf,~/Documents/1-博士课题/3-科研资料/MsTt笔记100+绘图合集/R科研绘图合集/54.SCI复现-分组散点矩阵图+相关性网络图/data.xlsx,map / spatial,specialized_reference,specialized_diagnostic,optional_backend,specialized_line_density_caution
r_replica_083,55.Nature复现-细胞丰度差异蜂群图,55.Nature复现-细胞丰度差异蜂群图/logFC_beeswarm_1.R,~/Documents/1-博士课题/3-科研资料/MsTt笔记100+绘图合集/R科研绘图合集/55.Nature复现-细胞丰度差异蜂群图/logFC_beeswarm_1.pdf,~/Documents/1-博士课题/3-科研资料/MsTt笔记100+绘图合集/R科研绘图合集/55.Nature复现-细胞丰度差异蜂群图/data.xlsx,multi-panel manuscript / other,decorative_or_case_specific,caution_diagnostic,core_or_light,nature_detail_default
r_replica_084,55.Nature复现-细胞丰度差异蜂群图,55.Nature复现-细胞丰度差异蜂群图/logFC_beeswarm_2.R,~/Documents/1-博士课题/3-科研资料/MsTt笔记100+绘图合集/R科研绘图合集/55.Nature复现-细胞丰度差异蜂群图/logFC_beeswarm_1.pdf,~/Documents/1-博士课题/3-科研资料/MsTt笔记100+绘图合集/R科研绘图合集/55.Nature复现-细胞丰度差异蜂群图/data.xlsx,multi-panel manuscript / other,decorative_or_case_specific,caution_diagnostic,core_or_light,nature_detail_default
r_replica_085,56.Nature复现-散点图+线性和对数拟合线,56.Nature复现-散点图+线性和对数拟合线/scatter_fits_1.R,~/Documents/1-博士课题/3-科研资料/MsTt笔记100+绘图合集/R科研绘图合集/56.Nature复现-散点图+线性和对数拟合线/readme.pdf,~/Documents/1-博士课题/3-科研资料/MsTt笔记100+绘图合集/R科研绘图合集/56.Nature复现-散点图+线性和对数拟合线/data_1.xlsx,scatter / regression,template_candidate,executable_recipe_candidate,core_or_light,label_collision_and_light_grid
r_replica_086,57.Cell复现-冲击图+背靠背堆积柱形图,57.Cell复现-冲击图+背靠背堆积柱形图/butterfly_stacked_bar.R,~/Documents/1-博士课题/3-科研资料/MsTt笔记100+绘图合集/R科研绘图合集/57.Cell复现-冲击图+背靠背堆积柱形图/butterfly_stacked_bar.pdf,~/Documents/1-博士课题/3-科研资料/MsTt笔记100+绘图合集/R科研绘图合集/57.Cell复现-冲击图+背靠背堆积柱形图/enhancer_data.xlsx,grouped bar / stacked bar / errorbar,template_candidate,executable_recipe_candidate,core_or_light,grid_and_legend_strict
r_replica_087,57.Cell复现-冲击图+背靠背堆积柱形图,57.Cell复现-冲击图+背靠背堆积柱形图/ggalluvial_plot.R,~/Documents/1-博士课题/3-科研资料/MsTt笔记100+绘图合集/R科研绘图合集/57.Cell复现-冲击图+背靠背堆积柱形图/butterfly_stacked_bar.pdf,~/Documents/1-博士课题/3-科研资料/MsTt笔记100+绘图合集/R科研绘图合集/57.Cell复现-冲击图+背靠背堆积柱形图/enhancer_data.xlsx,map / spatial,specialized_reference,specialized_diagnostic,optional_backend,specialized_line_density_caution
r_replica_088,58.Nature复现-环状渐变柱形图+环状分组折线图+显著性,58.Nature复现-环状渐变柱形图+环状分组折线图+显著性/circlize-bar.R,~/Documents/1-博士课题/3-科研资料/MsTt笔记100+绘图合集/R科研绘图合集/58.Nature复现-环状渐变柱形图+环状分组折线图+显著性/circlize_bar.pdf,~/Documents/1-博士课题/3-科研资料/MsTt笔记100+绘图合集/R科研绘图合集/58.Nature复现-环状渐变柱形图+环状分组折线图+显著性/data_bar.xlsx,circos / chord / circular,specialized_reference,specialized_diagnostic,optional_backend,specialized_line_density_caution
r_replica_089,58.Nature复现-环状渐变柱形图+环状分组折线图+显著性,58.Nature复现-环状渐变柱形图+环状分组折线图+显著性/circlize-group-line.R,~/Documents/1-博士课题/3-科研资料/MsTt笔记100+绘图合集/R科研绘图合集/58.Nature复现-环状渐变柱形图+环状分组折线图+显著性/circlize_bar.pdf,~/Documents/1-博士课题/3-科研资料/MsTt笔记100+绘图合集/R科研绘图合集/58.Nature复现-环状渐变柱形图+环状分组折线图+显著性/data_bar.xlsx,circos / chord / circular,specialized_reference,specialized_diagnostic,optional_backend,specialized_line_density_caution
r_replica_090,59.Nature复现-箱线图+扇形+半圆形,59.Nature复现-箱线图+扇形+半圆形/boxplot_point.R,~/Documents/1-博士课题/3-科研资料/MsTt笔记100+绘图合集/R科研绘图合集/59.Nature复现-箱线图+扇形+半圆形/boxplot_point.pdf,~/Documents/1-博士课题/3-科研资料/MsTt笔记100+绘图合集/R科研绘图合集/59.Nature复现-箱线图+扇形+半圆形/data.xlsx,boxplot / jitter,production_recipe,executable_recipe_candidate,core_or_light,nature_detail_default
r_replica_091,59.Nature复现-箱线图+扇形+半圆形,59.Nature复现-箱线图+扇形+半圆形/boxplot_point_sector.R,~/Documents/1-博士课题/3-科研资料/MsTt笔记100+绘图合集/R科研绘图合集/59.Nature复现-箱线图+扇形+半圆形/boxplot_point.pdf,~/Documents/1-博士课题/3-科研资料/MsTt笔记100+绘图合集/R科研绘图合集/59.Nature复现-箱线图+扇形+半圆形/data.xlsx,boxplot / jitter,production_recipe,executable_recipe_candidate,core_or_light,nature_detail_default
r_replica_092,59.Nature复现-箱线图+扇形+半圆形,59.Nature复现-箱线图+扇形+半圆形/boxplot_point_semicircle.R,~/Documents/1-博士课题/3-科研资料/MsTt笔记100+绘图合集/R科研绘图合集/59.Nature复现-箱线图+扇形+半圆形/boxplot_point.pdf,~/Documents/1-博士课题/3-科研资料/MsTt笔记100+绘图合集/R科研绘图合集/59.Nature复现-箱线图+扇形+半圆形/data.xlsx,raincloud / violin / jitter,template_candidate,executable_recipe_candidate,core_or_light,nature_detail_default
r_replica_093,6.Cell复现-双Y轴+富集条形图,6.Cell复现-双Y轴+富集条形图/doubleY-enrich-col.R,~/Documents/1-博士课题/3-科研资料/MsTt笔记100+绘图合集/R科研绘图合集/6.Cell复现-双Y轴+富集条形图/doubleY-enrih-bar.pdf,~/Documents/1-博士课题/3-科研资料/MsTt笔记100+绘图合集/R科研绘图合集/6.Cell复现-双Y轴+富集条形图/data.CSV,enrichment / GSEA,template_candidate,executable_recipe_candidate,core_or_light,nature_detail_default
r_replica_094,60.Nature复现-相关性矩阵Dotplot+显著性,60.Nature复现-相关性矩阵Dotplot+显著性/corr_Dotplot_sig1.R,~/Documents/1-博士课题/3-科研资料/MsTt笔记100+绘图合集/R科研绘图合集/60.Nature复现-相关性矩阵Dotplot+显著性/corr_Dotplot_sig1.pdf,~/Documents/1-博士课题/3-科研资料/MsTt笔记100+绘图合集/R科研绘图合集/60.Nature复现-相关性矩阵Dotplot+显著性/data1.xlsx,scatter / regression,template_candidate,executable_recipe_candidate,core_or_light,label_collision_and_light_grid
r_replica_095,60.Nature复现-相关性矩阵Dotplot+显著性,60.Nature复现-相关性矩阵Dotplot+显著性/corr_Dotplot_sig2.R,~/Documents/1-博士课题/3-科研资料/MsTt笔记100+绘图合集/R科研绘图合集/60.Nature复现-相关性矩阵Dotplot+显著性/corr_Dotplot_sig1.pdf,~/Documents/1-博士课题/3-科研资料/MsTt笔记100+绘图合集/R科研绘图合集/60.Nature复现-相关性矩阵Dotplot+显著性/data1.xlsx,scatter / regression,template_candidate,executable_recipe_candidate,core_or_light,label_collision_and_light_grid
r_replica_096,61.Nature复现-差异雷达图,61.Nature复现-差异雷达图/diff_radar_1.R,~/Documents/1-博士课题/3-科研资料/MsTt笔记100+绘图合集/R科研绘图合集/61.Nature复现-差异雷达图/radar1.pdf,~/Documents/1-博士课题/3-科研资料/MsTt笔记100+绘图合集/R科研绘图合集/61.Nature复现-差异雷达图/data1.xlsx,ridgeline / density,decorative_or_case_specific,caution_diagnostic,core_or_light,nature_detail_default
r_replica_097,61.Nature复现-差异雷达图,61.Nature复现-差异雷达图/diff_radar_2.R,~/Documents/1-博士课题/3-科研资料/MsTt笔记100+绘图合集/R科研绘图合集/61.Nature复现-差异雷达图/radar1.pdf,~/Documents/1-博士课题/3-科研资料/MsTt笔记100+绘图合集/R科研绘图合集/61.Nature复现-差异雷达图/data1.xlsx,map / spatial,specialized_reference,specialized_diagnostic,optional_backend,specialized_line_density_caution
r_replica_098,62.Nature复现-分组型和单组型环状条形图,62.Nature复现-分组型和单组型环状条形图/circlize_gradient_bar.R,~/Documents/1-博士课题/3-科研资料/MsTt笔记100+绘图合集/R科研绘图合集/62.Nature复现-分组型和单组型环状条形图/circlize_gradient_bar.pdf,~/Documents/1-博士课题/3-科研资料/MsTt笔记100+绘图合集/R科研绘图合集/62.Nature复现-分组型和单组型环状条形图/data_with_group.xlsx,heatmap / matrix,production_recipe,executable_recipe_candidate,core_or_light,matrix_density_allowed
r_replica_099,62.Nature复现-分组型和单组型环状条形图,62.Nature复现-分组型和单组型环状条形图/circlize_group_bar.R,~/Documents/1-博士课题/3-科研资料/MsTt笔记100+绘图合集/R科研绘图合集/62.Nature复现-分组型和单组型环状条形图/circlize_gradient_bar.pdf,~/Documents/1-博士课题/3-科研资料/MsTt笔记100+绘图合集/R科研绘图合集/62.Nature复现-分组型和单组型环状条形图/data_with_group.xlsx,circos / chord / circular,specialized_reference,specialized_diagnostic,optional_backend,specialized_line_density_caution
r_replica_100,63.Nature复现-填充型和渐变型等高线图,63.Nature复现-填充型和渐变型等高线图/contour_filled.R,~/Documents/1-博士课题/3-科研资料/MsTt笔记100+绘图合集/R科研绘图合集/63.Nature复现-填充型和渐变型等高线图/contour_filled.pdf,~/Documents/1-博士课题/3-科研资料/MsTt笔记100+绘图合集/R科研绘图合集/63.Nature复现-填充型和渐变型等高线图/data1.xlsx,ridgeline / density,decorative_or_case_specific,caution_diagnostic,core_or_light,nature_detail_default
r_replica_101,63.Nature复现-填充型和渐变型等高线图,63.Nature复现-填充型和渐变型等高线图/contour_gradient.R,~/Documents/1-博士课题/3-科研资料/MsTt笔记100+绘图合集/R科研绘图合集/63.Nature复现-填充型和渐变型等高线图/contour_filled.pdf,~/Documents/1-博士课题/3-科研资料/MsTt笔记100+绘图合集/R科研绘图合集/63.Nature复现-填充型和渐变型等高线图/data1.xlsx,map / spatial,specialized_reference,specialized_diagnostic,optional_backend,specialized_line_density_caution
r_replica_102,64.Nature复现-深度美化散点气泡图,64.Nature复现-深度美化散点气泡图/group_bubble.R,~/Documents/1-博士课题/3-科研资料/MsTt笔记100+绘图合集/R科研绘图合集/64.Nature复现-深度美化散点气泡图/group_bubble.pdf,~/Documents/1-博士课题/3-科研资料/MsTt笔记100+绘图合集/R科研绘图合集/64.Nature复现-深度美化散点气泡图/data1.xlsx,lollipop / dumbbell / dotplot,template_candidate,executable_recipe_candidate,core_or_light,nature_detail_default
r_replica_103,64.Nature复现-深度美化散点气泡图,64.Nature复现-深度美化散点气泡图/group_point.R,~/Documents/1-博士课题/3-科研资料/MsTt笔记100+绘图合集/R科研绘图合集/64.Nature复现-深度美化散点气泡图/group_bubble.pdf,~/Documents/1-博士课题/3-科研资料/MsTt笔记100+绘图合集/R科研绘图合集/64.Nature复现-深度美化散点气泡图/data1.xlsx,map / spatial,specialized_reference,specialized_diagnostic,optional_backend,specialized_line_density_caution
r_replica_104,65.Cell复现-基础热图-分面和对称风格,65.Cell复现-基础热图-分面和对称风格/facet_tiles.R,~/Documents/1-博士课题/3-科研资料/MsTt笔记100+绘图合集/R科研绘图合集/65.Cell复现-基础热图-分面和对称风格/facet_tiles.pdf,~/Documents/1-博士课题/3-科研资料/MsTt笔记100+绘图合集/R科研绘图合集/65.Cell复现-基础热图-分面和对称风格/data_facet_tiles.xlsx,map / spatial,specialized_reference,specialized_diagnostic,optional_backend,specialized_line_density_caution
r_replica_105,65.Cell复现-基础热图-分面和对称风格,65.Cell复现-基础热图-分面和对称风格/paired_tiles.R,~/Documents/1-博士课题/3-科研资料/MsTt笔记100+绘图合集/R科研绘图合集/65.Cell复现-基础热图-分面和对称风格/facet_tiles.pdf,~/Documents/1-博士课题/3-科研资料/MsTt笔记100+绘图合集/R科研绘图合集/65.Cell复现-基础热图-分面和对称风格/data_facet_tiles.xlsx,heatmap / matrix,template_candidate,executable_recipe_candidate,core_or_light,matrix_density_allowed
r_replica_106,66.iMeta-Nature-多分组火山图,66.iMeta-Nature-多分组火山图/volcano_facet1.R,~/Documents/1-博士课题/3-科研资料/MsTt笔记100+绘图合集/R科研绘图合集/66.iMeta-Nature-多分组火山图/readme.pdf,~/Documents/1-博士课题/3-科研资料/MsTt笔记100+绘图合集/R科研绘图合集/66.iMeta-Nature-多分组火山图/data_facet1.xlsx,volcano / enrichment,production_recipe,executable_recipe_candidate,core_or_light,nature_detail_default
r_replica_107,66.iMeta-Nature-多分组火山图,66.iMeta-Nature-多分组火山图/volcano_facet2.R,~/Documents/1-博士课题/3-科研资料/MsTt笔记100+绘图合集/R科研绘图合集/66.iMeta-Nature-多分组火山图/readme.pdf,~/Documents/1-博士课题/3-科研资料/MsTt笔记100+绘图合集/R科研绘图合集/66.iMeta-Nature-多分组火山图/data_facet1.xlsx,volcano / enrichment,template_candidate,executable_recipe_candidate,core_or_light,nature_detail_default
r_replica_108,66.iMeta-Nature-多分组火山图,66.iMeta-Nature-多分组火山图/volcano_facet3.R,~/Documents/1-博士课题/3-科研资料/MsTt笔记100+绘图合集/R科研绘图合集/66.iMeta-Nature-多分组火山图/readme.pdf,~/Documents/1-博士课题/3-科研资料/MsTt笔记100+绘图合集/R科研绘图合集/66.iMeta-Nature-多分组火山图/data_facet1.xlsx,volcano / enrichment,production_recipe,executable_recipe_candidate,core_or_light,nature_detail_default
r_replica_109,67.iMeta-Nature-火山图+富集图,67.iMeta-Nature-火山图+富集图/volcano_enrich1.R,~/Documents/1-博士课题/3-科研资料/MsTt笔记100+绘图合集/R科研绘图合集/67.iMeta-Nature-火山图+富集图/readme.pdf,~/Documents/1-博士课题/3-科研资料/MsTt笔记100+绘图合集/R科研绘图合集/67.iMeta-Nature-火山图+富集图/data1.xlsx,volcano / enrichment,template_candidate,executable_recipe_candidate,core_or_light,nature_detail_default
r_replica_110,67.iMeta-Nature-火山图+富集图,67.iMeta-Nature-火山图+富集图/volcano_enrich2.R,~/Documents/1-博士课题/3-科研资料/MsTt笔记100+绘图合集/R科研绘图合集/67.iMeta-Nature-火山图+富集图/readme.pdf,~/Documents/1-博士课题/3-科研资料/MsTt笔记100+绘图合集/R科研绘图合集/67.iMeta-Nature-火山图+富集图/data1.xlsx,volcano / enrichment,template_candidate,executable_recipe_candidate,core_or_light,nature_detail_default
r_replica_111,67.iMeta-Nature-火山图+富集图,67.iMeta-Nature-火山图+富集图/volcano_enrich3.R,~/Documents/1-博士课题/3-科研资料/MsTt笔记100+绘图合集/R科研绘图合集/67.iMeta-Nature-火山图+富集图/readme.pdf,~/Documents/1-博士课题/3-科研资料/MsTt笔记100+绘图合集/R科研绘图合集/67.iMeta-Nature-火山图+富集图/data1.xlsx,volcano / enrichment,template_candidate,executable_recipe_candidate,core_or_light,nature_detail_default
r_replica_112,68.顶刊复现-upset图,68.顶刊复现-upset图/ComplexUpset_plot/ComplexUpset_plot.R,~/Documents/1-博士课题/3-科研资料/MsTt笔记100+绘图合集/R科研绘图合集/68.顶刊复现-upset图/ComplexUpset_plot/ComplexUpset_plot.pdf,~/Documents/1-博士课题/3-科研资料/MsTt笔记100+绘图合集/R科研绘图合集/68.顶刊复现-upset图/ComplexUpset_plot/data2.xlsx,upset / set plot,specialized_reference,specialized_diagnostic,optional_backend,nature_detail_default
r_replica_113,68.顶刊复现-upset图,68.顶刊复现-upset图/ComplexUpset_plot/Venn_plot.R,~/Documents/1-博士课题/3-科研资料/MsTt笔记100+绘图合集/R科研绘图合集/68.顶刊复现-upset图/ComplexUpset_plot/ComplexUpset_plot.pdf,~/Documents/1-博士课题/3-科研资料/MsTt笔记100+绘图合集/R科研绘图合集/68.顶刊复现-upset图/ComplexUpset_plot/data2.xlsx,upset / set plot,specialized_reference,specialized_diagnostic,optional_backend,nature_detail_default
r_replica_114,68.顶刊复现-upset图,68.顶刊复现-upset图/upsetR_plot/upsetR_plot.R,~/Documents/1-博士课题/3-科研资料/MsTt笔记100+绘图合集/R科研绘图合集/68.顶刊复现-upset图/ComplexUpset_plot/ComplexUpset_plot.pdf,~/Documents/1-博士课题/3-科研资料/MsTt笔记100+绘图合集/R科研绘图合集/68.顶刊复现-upset图/ComplexUpset_plot/data2.xlsx,upset / set plot,specialized_reference,specialized_diagnostic,optional_backend,nature_detail_default
r_replica_115,68.顶刊复现-upset图,68.顶刊复现-upset图/upsetR_plot/utils.R,~/Documents/1-博士课题/3-科研资料/MsTt笔记100+绘图合集/R科研绘图合集/68.顶刊复现-upset图/ComplexUpset_plot/ComplexUpset_plot.pdf,~/Documents/1-博士课题/3-科研资料/MsTt笔记100+绘图合集/R科研绘图合集/68.顶刊复现-upset图/ComplexUpset_plot/data2.xlsx,upset / set plot,specialized_reference,specialized_diagnostic,optional_backend,nature_detail_default
r_replica_116,69.SciAdv复现-差异OTU曼哈顿图,69.SciAdv复现-差异OTU曼哈顿图/beautiful_bubble.R,~/Documents/1-博士课题/3-科研资料/MsTt笔记100+绘图合集/R科研绘图合集/69.SciAdv复现-差异OTU曼哈顿图/beautiful_bubble.pdf,~/Documents/1-博士课题/3-科研资料/MsTt笔记100+绘图合集/R科研绘图合集/69.SciAdv复现-差异OTU曼哈顿图/data.xlsx,map / spatial,specialized_reference,specialized_diagnostic,optional_backend,specialized_line_density_caution
r_replica_117,7.Nature复现-气泡热图（绿色系）,7.Nature复现-气泡热图（绿色系）/bubble-heatmap-nature.R,~/Documents/1-博士课题/3-科研资料/MsTt笔记100+绘图合集/R科研绘图合集/7.Nature复现-气泡热图（绿色系）/bubble-heatmap-nature.pdf,~/Documents/1-博士课题/3-科研资料/MsTt笔记100+绘图合集/R科研绘图合集/7.Nature复现-气泡热图（绿色系）/data.xlsx,heatmap / matrix,production_recipe,executable_recipe_candidate,core_or_light,matrix_density_allowed
r_replica_118,7.Nature复现-气泡热图（绿色系）,7.Nature复现-气泡热图（绿色系）/bubble-heatmap.R,~/Documents/1-博士课题/3-科研资料/MsTt笔记100+绘图合集/R科研绘图合集/7.Nature复现-气泡热图（绿色系）/bubble-heatmap-nature.pdf,~/Documents/1-博士课题/3-科研资料/MsTt笔记100+绘图合集/R科研绘图合集/7.Nature复现-气泡热图（绿色系）/data.xlsx,heatmap / matrix,production_recipe,executable_recipe_candidate,core_or_light,matrix_density_allowed
r_replica_119,70.Nature-PNAS-中国地图,70.Nature-PNAS-中国地图/map1.R,~/Documents/1-博士课题/3-科研资料/MsTt笔记100+绘图合集/R科研绘图合集/70.Nature-PNAS-中国地图/map1.pdf,~/Documents/1-博士课题/3-科研资料/MsTt笔记100+绘图合集/R科研绘图合集/70.Nature-PNAS-中国地图/china_city.geojson,map / spatial,specialized_reference,specialized_diagnostic,optional_backend,specialized_line_density_caution
r_replica_120,70.Nature-PNAS-中国地图,70.Nature-PNAS-中国地图/map2.R,~/Documents/1-博士课题/3-科研资料/MsTt笔记100+绘图合集/R科研绘图合集/70.Nature-PNAS-中国地图/map1.pdf,~/Documents/1-博士课题/3-科研资料/MsTt笔记100+绘图合集/R科研绘图合集/70.Nature-PNAS-中国地图/china_city.geojson,map / spatial,specialized_reference,specialized_diagnostic,optional_backend,specialized_line_density_caution
r_replica_121,71.Cell-上下三角双热图,71.Cell-上下三角双热图/double_heatmap_1color.R,~/Documents/1-博士课题/3-科研资料/MsTt笔记100+绘图合集/R科研绘图合集/71.Cell-上下三角双热图/double_heatmap_1color.pdf,~/Documents/1-博士课题/3-科研资料/MsTt笔记100+绘图合集/R科研绘图合集/71.Cell-上下三角双热图/M0_p.csv,heatmap / matrix,production_recipe,executable_recipe_candidate,core_or_light,matrix_density_allowed
r_replica_122,71.Cell-上下三角双热图,71.Cell-上下三角双热图/double_heatmap_2colors.R,~/Documents/1-博士课题/3-科研资料/MsTt笔记100+绘图合集/R科研绘图合集/71.Cell-上下三角双热图/double_heatmap_1color.pdf,~/Documents/1-博士课题/3-科研资料/MsTt笔记100+绘图合集/R科研绘图合集/71.Cell-上下三角双热图/M0_p.csv,heatmap / matrix,production_recipe,executable_recipe_candidate,core_or_light,matrix_density_allowed
r_replica_123,72.Cell-Nature-带显著性的小提琴图,72.Cell-Nature-带显著性的小提琴图/compare_violin_1.R,~/Documents/1-博士课题/3-科研资料/MsTt笔记100+绘图合集/R科研绘图合集/72.Cell-Nature-带显著性的小提琴图/compare_violin_1.pdf,~/Documents/1-博士课题/3-科研资料/MsTt笔记100+绘图合集/R科研绘图合集/72.Cell-Nature-带显著性的小提琴图/data1.xlsx,raincloud / violin / jitter,production_recipe,executable_recipe_candidate,core_or_light,nature_detail_default
r_replica_124,72.Cell-Nature-带显著性的小提琴图,72.Cell-Nature-带显著性的小提琴图/compare_violin_2.R,~/Documents/1-博士课题/3-科研资料/MsTt笔记100+绘图合集/R科研绘图合集/72.Cell-Nature-带显著性的小提琴图/compare_violin_1.pdf,~/Documents/1-博士课题/3-科研资料/MsTt笔记100+绘图合集/R科研绘图合集/72.Cell-Nature-带显著性的小提琴图/data1.xlsx,raincloud / violin / jitter,decorative_or_case_specific,caution_diagnostic,core_or_light,nature_detail_default
r_replica_125,72.Cell-Nature-带显著性的小提琴图,72.Cell-Nature-带显著性的小提琴图/compare_violin_3.R,~/Documents/1-博士课题/3-科研资料/MsTt笔记100+绘图合集/R科研绘图合集/72.Cell-Nature-带显著性的小提琴图/compare_violin_1.pdf,~/Documents/1-博士课题/3-科研资料/MsTt笔记100+绘图合集/R科研绘图合集/72.Cell-Nature-带显著性的小提琴图/data1.xlsx,raincloud / violin / jitter,template_candidate,executable_recipe_candidate,core_or_light,nature_detail_default
r_replica_126,73.Cell-Nature-三元图,73.Cell-Nature-三元图/ternary_plot1.R,~/Documents/1-博士课题/3-科研资料/MsTt笔记100+绘图合集/R科研绘图合集/73.Cell-Nature-三元图/readme.pdf,~/Documents/1-博士课题/3-科研资料/MsTt笔记100+绘图合集/R科研绘图合集/73.Cell-Nature-三元图/data1.xlsx,scatter / regression,template_candidate,executable_recipe_candidate,core_or_light,label_collision_and_light_grid
r_replica_127,73.Cell-Nature-三元图,73.Cell-Nature-三元图/ternary_plot2.R,~/Documents/1-博士课题/3-科研资料/MsTt笔记100+绘图合集/R科研绘图合集/73.Cell-Nature-三元图/readme.pdf,~/Documents/1-博士课题/3-科研资料/MsTt笔记100+绘图合集/R科研绘图合集/73.Cell-Nature-三元图/data1.xlsx,scatter / regression,production_recipe,executable_recipe_candidate,core_or_light,label_collision_and_light_grid
r_replica_128,73.Cell-Nature-三元图,73.Cell-Nature-三元图/ternary_plot3.R,~/Documents/1-博士课题/3-科研资料/MsTt笔记100+绘图合集/R科研绘图合集/73.Cell-Nature-三元图/readme.pdf,~/Documents/1-博士课题/3-科研资料/MsTt笔记100+绘图合集/R科研绘图合集/73.Cell-Nature-三元图/data1.xlsx,enrichment / GSEA,template_candidate,executable_recipe_candidate,core_or_light,nature_detail_default
r_replica_129,73.Cell-Nature-三元图,73.Cell-Nature-三元图/ternary_plot4.R,~/Documents/1-博士课题/3-科研资料/MsTt笔记100+绘图合集/R科研绘图合集/73.Cell-Nature-三元图/readme.pdf,~/Documents/1-博士课题/3-科研资料/MsTt笔记100+绘图合集/R科研绘图合集/73.Cell-Nature-三元图/data1.xlsx,scatter / regression,template_candidate,executable_recipe_candidate,core_or_light,label_collision_and_light_grid
r_replica_130,74.Nature-密度+相关性矩阵,74.Nature-密度+相关性矩阵/density_corr_matrix.R,~/Documents/1-博士课题/3-科研资料/MsTt笔记100+绘图合集/R科研绘图合集/74.Nature-密度+相关性矩阵/density_corr_matrix.rainbow.pdf,~/Documents/1-博士课题/3-科研资料/MsTt笔记100+绘图合集/R科研绘图合集/74.Nature-密度+相关性矩阵/data.xlsx,heatmap / matrix,template_candidate,executable_recipe_candidate,core_or_light,matrix_density_allowed
r_replica_131,75.Nature-绝美点线图,75.Nature-绝美点线图/line_dot.R,~/Documents/1-博士课题/3-科研资料/MsTt笔记100+绘图合集/R科研绘图合集/75.Nature-绝美点线图/line_dot.pdf,~/Documents/1-博士课题/3-科研资料/MsTt笔记100+绘图合集/R科研绘图合集/75.Nature-绝美点线图/data.xlsx,scatter / regression,template_candidate,executable_recipe_candidate,core_or_light,label_collision_and_light_grid
r_replica_132,76.Cell-环形热图+upset图,76.Cell-环形热图+upset图/circlize_heatmap_upset.R,~/Documents/1-博士课题/3-科研资料/MsTt笔记100+绘图合集/R科研绘图合集/76.Cell-环形热图+upset图/circos_heatmap_upset.pdf,~/Documents/1-博士课题/3-科研资料/MsTt笔记100+绘图合集/R科研绘图合集/76.Cell-环形热图+upset图/data_for_upset.xlsx,heatmap / matrix,production_recipe,executable_recipe_candidate,core_or_light,matrix_density_allowed
r_replica_133,76.Cell-环形热图+upset图,76.Cell-环形热图+upset图/circlize_heatmap_venn.R,~/Documents/1-博士课题/3-科研资料/MsTt笔记100+绘图合集/R科研绘图合集/76.Cell-环形热图+upset图/circos_heatmap_upset.pdf,~/Documents/1-博士课题/3-科研资料/MsTt笔记100+绘图合集/R科研绘图合集/76.Cell-环形热图+upset图/data_for_upset.xlsx,heatmap / matrix,production_recipe,executable_recipe_candidate,core_or_light,matrix_density_allowed
r_replica_134,77.Nature-对角线散点图+直方图,77.Nature-对角线散点图+直方图/scatter_histogram.R,~/Documents/1-博士课题/3-科研资料/MsTt笔记100+绘图合集/R科研绘图合集/77.Nature-对角线散点图+直方图/readme.pdf,~/Documents/1-博士课题/3-科研资料/MsTt笔记100+绘图合集/R科研绘图合集/77.Nature-对角线散点图+直方图/data.xlsx,phylogenetic tree,specialized_reference,specialized_diagnostic,optional_backend,specialized_line_density_caution
r_replica_135,78.Cell-umap+环形分组信息,78.Cell-umap+环形分组信息/circ_umap.R,~/Documents/1-博士课题/3-科研资料/MsTt笔记100+绘图合集/R科研绘图合集/78.Cell-umap+环形分组信息/Circos_UMAP.pdf,,PCA / PCoA / ordination,decorative_or_case_specific,caution_diagnostic,core_or_light,label_collision_and_light_grid
r_replica_136,79.Nature-环状条形图+饼图,79.Nature-环状条形图+饼图/circlize_bar_pie.R,~/Documents/1-博士课题/3-科研资料/MsTt笔记100+绘图合集/R科研绘图合集/79.Nature-环状条形图+饼图/circos_bar_pie.pdf,~/Documents/1-博士课题/3-科研资料/MsTt笔记100+绘图合集/R科研绘图合集/79.Nature-环状条形图+饼图/data.xlsx,circos / chord / circular,specialized_reference,specialized_diagnostic,optional_backend,specialized_line_density_caution
r_replica_137,8.顶刊复现-系统发育树+外圈热图-条形图,8.顶刊复现-系统发育树+外圈热图-条形图/Rimal.2024.Nature.figure1d/Figure1d.R,~/Documents/1-博士课题/3-科研资料/MsTt笔记100+绘图合集/R科研绘图合集/8.顶刊复现-系统发育树+外圈热图-条形图/Rimal.2024.Nature.figure1d/BSH.pdf,~/Documents/1-博士课题/3-科研资料/MsTt笔记100+绘图合集/R科研绘图合集/8.顶刊复现-系统发育树+外圈热图-条形图/Rimal.2024.Nature.figure1d/merged_metadata.csv,heatmap / matrix,template_candidate,executable_recipe_candidate,core_or_light,matrix_density_allowed
r_replica_138,8.顶刊复现-系统发育树+外圈热图-条形图,8.顶刊复现-系统发育树+外圈热图-条形图/example1.R,~/Documents/1-博士课题/3-科研资料/MsTt笔记100+绘图合集/R科研绘图合集/8.顶刊复现-系统发育树+外圈热图-条形图/Rimal.2024.Nature.figure1d/BSH.pdf,~/Documents/1-博士课题/3-科研资料/MsTt笔记100+绘图合集/R科研绘图合集/8.顶刊复现-系统发育树+外圈热图-条形图/Rimal.2024.Nature.figure1d/merged_metadata.csv,map / spatial,specialized_reference,specialized_diagnostic,optional_backend,specialized_line_density_caution
r_replica_139,8.顶刊复现-系统发育树+外圈热图-条形图,8.顶刊复现-系统发育树+外圈热图-条形图/example2.R,~/Documents/1-博士课题/3-科研资料/MsTt笔记100+绘图合集/R科研绘图合集/8.顶刊复现-系统发育树+外圈热图-条形图/Rimal.2024.Nature.figure1d/BSH.pdf,~/Documents/1-博士课题/3-科研资料/MsTt笔记100+绘图合集/R科研绘图合集/8.顶刊复现-系统发育树+外圈热图-条形图/Rimal.2024.Nature.figure1d/merged_metadata.csv,heatmap / matrix,production_recipe,executable_recipe_candidate,core_or_light,matrix_density_allowed
r_replica_140,8.顶刊复现-系统发育树+外圈热图-条形图,8.顶刊复现-系统发育树+外圈热图-条形图/example3.R,~/Documents/1-博士课题/3-科研资料/MsTt笔记100+绘图合集/R科研绘图合集/8.顶刊复现-系统发育树+外圈热图-条形图/Rimal.2024.Nature.figure1d/BSH.pdf,~/Documents/1-博士课题/3-科研资料/MsTt笔记100+绘图合集/R科研绘图合集/8.顶刊复现-系统发育树+外圈热图-条形图/Rimal.2024.Nature.figure1d/merged_metadata.csv,map / spatial,specialized_reference,specialized_diagnostic,optional_backend,specialized_line_density_caution
r_replica_141,80.Nature-分面山脊图+垂直刻度,80.Nature-分面山脊图+垂直刻度/facet_ridge.R,~/Documents/1-博士课题/3-科研资料/MsTt笔记100+绘图合集/R科研绘图合集/80.Nature-分面山脊图+垂直刻度/readme.pdf,~/Documents/1-博士课题/3-科研资料/MsTt笔记100+绘图合集/R科研绘图合集/80.Nature-分面山脊图+垂直刻度/data.xlsx,ridgeline / density,template_candidate,executable_recipe_candidate,core_or_light,nature_detail_default
r_replica_142,9.Nature复现-山脊图,9.Nature复现-山脊图/ridges.R,~/Documents/1-博士课题/3-科研资料/MsTt笔记100+绘图合集/R科研绘图合集/9.Nature复现-山脊图/ridges.pdf,~/Documents/1-博士课题/3-科研资料/MsTt笔记100+绘图合集/R科研绘图合集/9.Nature复现-山脊图/A_loop_RMDS.csv,map / spatial,specialized_reference,specialized_diagnostic,optional_backend,specialized_line_density_caution
